files,parts
minor/7892253.txt,train
minor/3702984.txt,train
none/6328141.txt,train
none/7541111.txt,train
none/8268165.txt,train
none/4113343.txt,train
none/7280600.txt,train
none/7976979.txt,train
none/4070938.txt,train
minor/6562309.txt,train
major/4051509.txt,train
none/5870863.txt,train
none/8608593.txt,train
none/5168016.txt,train
none/7369780.txt,train
none/5441269.txt,train
none/6825782.txt,train
none/6123342.txt,train
none/7441493.txt,train
none/7657534.txt,train
none/5414165.txt,train
none/8024325.txt,train
none/7396410.txt,train
none/8677594.txt,train
none/6854281.txt,train
none/7476496.txt,train
none/6636428.txt,train
none/4508554.txt,train
none/4046009.txt,train
none/6535592.txt,train
none/4657705.txt,train
none/9104309.txt,train
none/4207492.txt,train
none/6091805.txt,train
none/8400746.txt,train
none/9034294.txt,train
major/5333703.txt,train
minor/4505549.txt,train
none/8018535.txt,train
none/9548458.txt,train
none/8212971.txt,train
none/7742878.txt,train
none/5975025.txt,train
none/4431504.txt,train
none/6173419.txt,train
none/7471737.txt,train
none/4221494.txt,train
none/9071507.txt,train
none/6638631.txt,train
none/8965373.txt,train
none/4794099.txt,train
none/7326860.txt,train
none/7478608.txt,train
none/6836240.txt,train
none/5948040.txt,train
none/9503231.txt,train
none/5193259.txt,train
major/4690918.txt,train
none/4498078.txt,train
none/4628752.txt,train
major/6738255.txt,train
none/4517142.txt,train
none/7124150.txt,train
none/7630180.txt,train
none/6301436.txt,train
none/8620569.txt,train
none/6617747.txt,train
none/7612278.txt,train
none/6427227.txt,train
minor/3732429.txt,train
none/3839517.txt,train
none/8966683.txt,train
none/4858143.txt,train
none/4648063.txt,train
minor/4727936.txt,train
none/7758018.txt,train
none/4823396.txt,train
none/5158152.txt,train
none/8912820.txt,train
major/6470076.txt,train
minor/5722403.txt,train
none/7257331.txt,train
none/7196538.txt,train
none/7308132.txt,train
minor/4401103.txt,train
none/5836057.txt,train
none/7157571.txt,train
none/8539540.txt,train
none/7298628.txt,train
none/8284419.txt,train
none/7465309.txt,train
none/7134617.txt,train
none/4838704.txt,train
major/4214220.txt,train
none/8604623.txt,train
none/4220805.txt,train
none/4179381.txt,train
none/7120318.txt,train
none/8274779.txt,train
major/6350501.txt,train
none/5016382.txt,train
none/7254154.txt,train
none/7880048.txt,train
none/7188781.txt,train
none/4066245.txt,train
none/6940330.txt,train
none/4109372.txt,train
none/4585448.txt,train
none/5192134.txt,train
none/4533482.txt,train
none/4556869.txt,train
none/5354848.txt,train
none/7807495.txt,train
none/5114470.txt,train
major/5111458.txt,train
major/5470060.txt,train
none/7918931.txt,train
none/6011512.txt,train
none/8038156.txt,train
none/4062660.txt,train
none/4666174.txt,train
none/4967183.txt,train
none/5766093.txt,train
none/7277560.txt,train
minor/8910909.txt,train
none/6647337.txt,train
none/7492805.txt,train
none/5657934.txt,train
none/7308975.txt,train
none/6464947.txt,train
none/6977949.txt,train
none/5832025.txt,train
none/7110843.txt,train
none/8911068.txt,train
none/7564300.txt,train
none/5818363.txt,train
none/9158392.txt,train
none/8240066.txt,train
minor/4169071.txt,train
none/3869760.txt,train
none/9394449.txt,train
none/5088331.txt,train
none/5935402.txt,train
none/6012953.txt,train
none/7387764.txt,train
none/8295032.txt,train
none/9234588.txt,train
none/5515839.txt,train
none/9439755.txt,train
none/3945737.txt,train
none/7341316.txt,train
none/8050224.txt,train
none/8146987.txt,train
none/7605003.txt,train
none/7126434.txt,train
none/5871455.txt,train
major/9104666.txt,train
none/7410927.txt,train
none/6458155.txt,train
none/7513430.txt,train
none/7777986.txt,train
none/4050604.txt,train
none/6841877.txt,train
none/7105505.txt,train
none/3940746.txt,train
none/4726345.txt,train
none/7613058.txt,train
none/6547476.txt,train
none/5871795.txt,train
none/3963239.txt,train
none/5996376.txt,train
major/3764238.txt,train
none/4283493.txt,train
none/9200631.txt,train
none/9095246.txt,train
none/4257056.txt,train
none/4747481.txt,train
none/4246628.txt,train
none/7927203.txt,train
none/4730489.txt,train
none/4643718.txt,train
none/7792934.txt,train
none/8207672.txt,train
none/7594427.txt,train
none/6387077.txt,train
major/7372240.txt,train
none/6213525.txt,train
none/9295458.txt,train
none/6810674.txt,train
none/6416620.txt,train
none/5670492.txt,train
none/8304366.txt,train
none/6623354.txt,train
none/4404823.txt,train
none/4248456.txt,train
none/5052657.txt,train
none/7127663.txt,train
none/8511088.txt,train
none/7975103.txt,train
none/9483594.txt,train
none/8998802.txt,train
none/4827314.txt,train
none/7548776.txt,train
none/6951541.txt,train
none/8608959.txt,train
none/7748459.txt,train
none/7084780.txt,train
none/7762191.txt,train
minor/6656706.txt,train
none/5990255.txt,train
none/5857422.txt,train
none/6651983.txt,train
minor/8497687.txt,train
none/9540354.txt,train
none/8695390.txt,train
none/6312810.txt,train
none/5576325.txt,train
major/8987975.txt,train
none/7039207.txt,train
none/5898336.txt,train
none/7649261.txt,train
none/4331802.txt,train
minor/5702079.txt,train
none/6295036.txt,train
none/4736526.txt,train
none/5133545.txt,train
none/4731830.txt,train
none/5115119.txt,train
none/4290693.txt,train
none/7921668.txt,train
none/9094711.txt,train
none/6197424.txt,train
none/4982268.txt,train
none/4455621.txt,train
none/8198529.txt,train
none/4857404.txt,train
none/4933991.txt,train
none/9135351.txt,train
none/5040765.txt,train
none/5543924.txt,train
none/4491039.txt,train
none/5798002.txt,train
none/4059685.txt,train
none/8009401.txt,train
none/6976868.txt,train
none/7659271.txt,train
none/5027180.txt,train
none/4069688.txt,train
none/8974785.txt,train
major/6624209.txt,train
none/7792407.txt,train
none/6088450.txt,train
none/9198380.txt,train
none/4853285.txt,train
none/4960276.txt,train
none/7279793.txt,train
none/4282818.txt,train
none/5520288.txt,train
none/4801607.txt,train
none/7137862.txt,train
none/7100929.txt,train
none/6026312.txt,train
none/4658287.txt,train
none/7152802.txt,train
none/4500236.txt,train
none/7906999.txt,train
none/7787478.txt,train
none/3721456.txt,train
none/5593201.txt,train
none/7619958.txt,train
none/4933994.txt,train
none/7032722.txt,train
none/4972127.txt,train
none/7307441.txt,train
none/5937980.txt,train
none/5901667.txt,train
none/8602083.txt,train
none/7294593.txt,train
none/7468700.txt,train
none/8236650.txt,train
none/7481501.txt,train
none/5517044.txt,train
none/7895531.txt,train
none/8703582.txt,train
none/6842405.txt,train
none/7229025.txt,train
none/6519143.txt,train
none/5322883.txt,train
none/9474095.txt,train
none/4600418.txt,train
none/8691119.txt,train
minor/7563057.txt,train
none/6913242.txt,train
critical/6773071.txt,train
none/6921656.txt,train
none/7512464.txt,train
none/5866628.txt,train
none/9008469.txt,train
none/6854666.txt,train
none/6364375.txt,train
none/4480837.txt,train
none/8896304.txt,train
none/8457240.txt,train
none/4295235.txt,train
none/4042826.txt,train
none/5944359.txt,train
none/7784313.txt,train
minor/4875170.txt,train
none/7465368.txt,train
none/7179618.txt,train
none/7599209.txt,train
none/9055406.txt,train
none/6369779.txt,train
none/5768412.txt,train
none/7927341.txt,train
none/9272148.txt,train
none/8241207.txt,train
none/3891048.txt,train
none/4169376.txt,train
none/4285731.txt,train
none/7144021.txt,train
none/5450516.txt,train
none/7042338.txt,train
none/6229861.txt,train
none/6532912.txt,train
none/7564248.txt,train
none/7899501.txt,train
none/3772718.txt,train
none/4435794.txt,train
none/6863627.txt,train
none/9003172.txt,train
none/9402805.txt,train
none/4774610.txt,train
none/8733390.txt,train
none/8312832.txt,train
none/6157376.txt,train
none/3860739.txt,train
none/4594162.txt,train
minor/4678251.txt,train
minor/5938889.txt,train
none/8235560.txt,train
none/4039372.txt,train
minor/8514954.txt,train
none/7911276.txt,train
minor/6772589.txt,train
minor/8501970.txt,train
none/8917316.txt,train
none/6551559.txt,train
none/7886445.txt,train
none/3817323.txt,train
none/7853333.txt,train
none/7265565.txt,train
none/4728322.txt,train
minor/4690765.txt,train
none/5810647.txt,train
none/7423016.txt,train
none/4329197.txt,train
none/5862710.txt,train
none/7634280.txt,train
minor/7115956.txt,train
none/9290135.txt,train
none/8278588.txt,train
none/3977475.txt,train
none/5946774.txt,train
none/6446491.txt,train
none/7356904.txt,train
none/7322217.txt,train
none/6244614.txt,train
none/9038553.txt,train
none/8435822.txt,train
critical/5786929.txt,train
none/7294947.txt,train
none/7721873.txt,train
none/5565017.txt,train
none/5439112.txt,train
none/8645264.txt,train
none/5425598.txt,train
none/6613156.txt,train
none/4871882.txt,train
none/9443834.txt,train
none/6503132.txt,train
none/6544247.txt,train
minor/5737990.txt,train
none/5245618.txt,train
none/6424683.txt,train
none/7786204.txt,train
none/8202824.txt,train
none/7867450.txt,train
none/6661908.txt,train
none/9025601.txt,train
none/9087398.txt,train
none/5270720.txt,train
none/6988534.txt,train
none/5884181.txt,train
none/4478069.txt,train
none/8190652.txt,train
none/6927449.txt,train
none/4993120.txt,train
none/9366675.txt,train
none/4278771.txt,train
none/9478878.txt,train
none/9136234.txt,train
major/5186444.txt,train
none/4506790.txt,train
none/8754569.txt,train
none/4671511.txt,train
minor/5609190.txt,train
none/7307669.txt,train
none/4534678.txt,train
none/6483192.txt,train
minor/4456492.txt,train
none/8424426.txt,train
none/9102911.txt,train
none/5865465.txt,train
none/3797814.txt,train
none/9079412.txt,train
none/7926879.txt,train
none/5668440.txt,train
none/5457134.txt,train
none/7584816.txt,train
none/7002598.txt,train
none/8295936.txt,train
none/8109341.txt,train
none/8224255.txt,train
none/6645623.txt,train
major/8334291.txt,train
none/4302405.txt,train
none/4359175.txt,train
none/8258895.txt,train
none/7527099.txt,train
none/6404028.txt,train
none/6097003.txt,train
none/4794391.txt,train
none/7484156.txt,train
none/6406137.txt,train
none/9336399.txt,train
none/5343744.txt,train
none/3779095.txt,train
none/6017760.txt,train
none/7211700.txt,train
none/9201619.txt,train
none/5423795.txt,train
none/8212330.txt,train
none/5654277.txt,train
none/6225158.txt,train
none/5073287.txt,train
none/6328482.txt,train
none/5266377.txt,train
none/6535841.txt,train
none/7237730.txt,train
none/4329859.txt,train
none/7600324.txt,train
minor/7375915.txt,train
none/7725645.txt,train
none/7829336.txt,train
none/7856180.txt,train
none/9008405.txt,train
none/7477969.txt,train
none/4869703.txt,train
none/5537428.txt,train
none/5437491.txt,train
none/6428158.txt,train
minor/4493181.txt,train
none/4458068.txt,train
none/7605359.txt,train
none/4045091.txt,train
none/7925346.txt,train
none/7513555.txt,train
none/3700666.txt,train
none/3788627.txt,train
none/4771698.txt,train
none/6213445.txt,train
none/4429487.txt,train
none/5732518.txt,train
none/5702958.txt,train
none/6391534.txt,train
none/5055368.txt,train
none/5547100.txt,train
none/7736145.txt,train
none/7056354.txt,train
none/5775703.txt,train
none/5479893.txt,train
none/4925720.txt,train
none/4031193.txt,train
none/7247159.txt,train
none/8945301.txt,train
none/6578481.txt,train
minor/9000410.txt,train
none/4580142.txt,train
none/8403578.txt,train
none/8658418.txt,train
none/6438819.txt,train
none/6392412.txt,train
none/4703627.txt,train
none/9205838.txt,train
none/3863486.txt,train
none/9138075.txt,train
none/8618083.txt,train
none/4172580.txt,train
none/3822072.txt,train
none/8202625.txt,train
none/3757097.txt,train
none/6048029.txt,train
none/6725492.txt,train
none/8944650.txt,train
none/5916449.txt,train
major/4306236.txt,train
none/6695546.txt,train
none/5004349.txt,train
none/4258053.txt,train
none/7784103.txt,train
none/4004762.txt,train
none/4421462.txt,train
none/8776987.txt,train
none/7728455.txt,train
none/9369034.txt,train
none/3759000.txt,train
none/4977189.txt,train
none/4628823.txt,train
none/7048486.txt,train
none/8869079.txt,train
none/4967591.txt,train
none/4502604.txt,train
none/9141639.txt,train
none/8564277.txt,train
none/8443917.txt,train
none/4136680.txt,train
minor/6732448.txt,train
none/5558410.txt,train
none/5323752.txt,train
none/4394144.txt,train
none/8425397.txt,train
minor/7206504.txt,train
none/4935573.txt,train
none/4965107.txt,train
none/6696822.txt,train
none/7037560.txt,train
none/9421191.txt,train
none/8923216.txt,train
major/9111878.txt,train
none/7883895.txt,train
none/8808076.txt,train
none/6152636.txt,train
none/7081925.txt,train
none/3881454.txt,train
none/4999218.txt,train
none/5812130.txt,train
none/6912423.txt,train
none/5773565.txt,train
none/6522676.txt,train
none/4260510.txt,train
none/7617518.txt,train
none/7441078.txt,train
none/4686917.txt,train
none/8131397.txt,train
none/4281055.txt,train
none/7927591.txt,train
none/7763705.txt,train
none/9483217.txt,train
none/6634928.txt,train
none/4244182.txt,train
minor/9457050.txt,train
none/7538873.txt,train
none/8439567.txt,train
none/3937045.txt,train
none/6893864.txt,train
none/6445238.txt,train
none/7379244.txt,train
none/5982219.txt,train
none/4471447.txt,train
none/4063507.txt,train
none/5015205.txt,train
major/8575939.txt,train
none/4240679.txt,train
none/7659113.txt,train
none/9295153.txt,train
minor/6741910.txt,train
none/5609932.txt,train
none/5246779.txt,train
critical/5596503.txt,train
none/5524586.txt,train
none/8582752.txt,train
none/7130892.txt,train
none/8604577.txt,train
none/7998319.txt,train
minor/8620968.txt,train
minor/7655847.txt,train
none/7460703.txt,train
none/9394464.txt,train
none/5589935.txt,train
none/5839770.txt,train
none/6466237.txt,train
none/5091177.txt,train
none/6085704.txt,train
none/8295955.txt,train
none/3698323.txt,train
none/6066851.txt,train
none/8902780.txt,train
none/4328225.txt,train
none/5845628.txt,train
none/6261774.txt,train
major/5884892.txt,train
none/7195480.txt,train
none/7249097.txt,train
none/7609535.txt,train
major/5327402.txt,train
none/8526483.txt,train
none/8025468.txt,train
none/5354426.txt,train
minor/6893505.txt,train
none/6850932.txt,train
none/5441225.txt,train
none/3754188.txt,train
none/8059396.txt,train
none/6272855.txt,train
none/7183873.txt,train
none/6325165.txt,train
none/7243958.txt,train
none/6099482.txt,train
none/8069899.txt,train
none/5464567.txt,train
none/4993965.txt,train
major/7677023.txt,train
none/8002487.txt,train
none/6437526.txt,train
none/6920729.txt,train
minor/8937461.txt,train
none/4090808.txt,train
none/8970191.txt,train
none/5491608.txt,train
none/4130065.txt,train
none/9302532.txt,train
minor/7638207.txt,train
none/6573709.txt,train
none/6832744.txt,train
none/5894436.txt,train
none/9139344.txt,train
minor/8436827.txt,train
none/4200619.txt,train
none/4847579.txt,train
none/4794476.txt,train
none/5327459.txt,train
none/6344428.txt,train
none/4517572.txt,train
none/7457519.txt,train
none/5789396.txt,train
none/6612013.txt,train
none/4232843.txt,train
none/5128334.txt,train
none/9092553.txt,train
none/8561476.txt,train
none/6442866.txt,train
none/7242039.txt,train
none/5573352.txt,train
none/6865229.txt,train
none/5855407.txt,train
none/8128905.txt,train
none/4205773.txt,train
minor/9074421.txt,train
none/9162014.txt,train
none/7558669.txt,train
none/7361930.txt,train
none/3931780.txt,train
none/8904606.txt,train
none/5305226.txt,train
none/8669663.txt,train
none/9453983.txt,train
none/4633651.txt,train
none/8433766.txt,train
none/5052296.txt,train
none/4503985.txt,train
none/5281568.txt,train
none/8516029.txt,train
none/7269783.txt,train
none/9171656.txt,train
none/6866247.txt,train
none/5902872.txt,train
none/4320152.txt,train
none/4498741.txt,train
none/4936150.txt,train
none/8611383.txt,train
minor/8768107.txt,train
none/9040540.txt,train
none/5129580.txt,train
none/9243860.txt,train
none/7818143.txt,train
none/9241387.txt,train
none/7061885.txt,train
none/6037459.txt,train
none/6452606.txt,train
none/6189879.txt,train
minor/4285911.txt,train
none/4432196.txt,train
none/4272508.txt,train
none/8192330.txt,train
none/7043386.txt,train
none/9293949.txt,train
none/7503099.txt,train
none/7751163.txt,train
none/8003657.txt,train
none/4078869.txt,train
none/4709869.txt,train
critical/7757709.txt,train
none/6589712.txt,train
none/8547261.txt,train
none/5575053.txt,train
none/6463026.txt,train
none/4593407.txt,train
minor/6555966.txt,train
none/3723043.txt,train
none/4502113.txt,train
none/6639942.txt,train
critical/4620157.txt,train
none/6847809.txt,train
minor/7327189.txt,train
none/6678026.txt,train
none/7301167.txt,train
none/5529562.txt,train
none/5991953.txt,train
none/7563593.txt,train
none/3950225.txt,train
none/6073850.txt,train
minor/4370541.txt,train
none/4095326.txt,train
none/8674484.txt,train
none/6603072.txt,train
none/8460181.txt,train
none/4283097.txt,train
none/4345393.txt,train
minor/7350370.txt,train
none/7619400.txt,train
none/7147207.txt,train
none/4292390.txt,train
none/7521109.txt,train
none/3820002.txt,train
none/4322752.txt,train
none/4229996.txt,train
none/7790763.txt,train
none/7000207.txt,train
none/4841390.txt,train
none/7394379.txt,train
none/7434990.txt,train
none/6151582.txt,train
none/7686456.txt,train
none/4400338.txt,train
none/5075417.txt,train
minor/3925764.txt,train
none/4217466.txt,train
none/7280795.txt,train
none/6547907.txt,train
none/7357395.txt,train
none/7330361.txt,train
none/8442950.txt,train
none/4292651.txt,train
major/4199164.txt,train
none/7198305.txt,train
none/7406616.txt,train
minor/8198711.txt,train
none/7428271.txt,train
none/3868578.txt,train
none/7633038.txt,train
none/7204626.txt,train
none/6398884.txt,train
none/4142085.txt,train
none/7200879.txt,train
none/8978233.txt,train
none/4108183.txt,train
none/5264519.txt,train
none/7935629.txt,train
none/4031820.txt,train
none/4864235.txt,train
none/8658785.txt,train
none/7929479.txt,train
none/5563186.txt,train
none/7323687.txt,train
none/6234122.txt,train
none/8295012.txt,train
none/9359683.txt,train
none/8263441.txt,train
none/4645770.txt,train
none/3804138.txt,train
none/9348514.txt,train
critical/4455297.txt,train
none/7196708.txt,train
minor/5148417.txt,train
none/5030132.txt,train
none/4938858.txt,train
none/4601555.txt,train
none/8564291.txt,train
none/9095266.txt,train
none/6165395.txt,train
minor/7655690.txt,train
none/8004086.txt,train
none/6174968.txt,train
none/7405705.txt,train
none/4310155.txt,train
none/9537065.txt,train
minor/7341179.txt,train
minor/9491780.txt,train
none/9251517.txt,train
minor/5264883.txt,train
none/5473710.txt,train
none/4536448.txt,train
none/6462651.txt,train
none/6522495.txt,train
none/3795599.txt,train
none/3977344.txt,train
none/6207228.txt,train
none/4185136.txt,train
minor/4804222.txt,train
none/6815544.txt,train
none/5330785.txt,train
none/7139571.txt,train
none/8441008.txt,train
none/3922769.txt,train
none/9506197.txt,train
critical/6079026.txt,train
none/8217946.txt,train
none/4757087.txt,train
critical/6379553.txt,train
none/7992251.txt,train
none/8727011.txt,train
none/8601987.txt,train
minor/7048370.txt,train
none/7540589.txt,train
none/4101310.txt,train
minor/8526485.txt,train
none/8401179.txt,train
none/5345695.txt,train
none/7591041.txt,train
none/4645346.txt,train
none/9140757.txt,train
none/8581347.txt,train
none/8836840.txt,train
none/7619908.txt,train
none/6078015.txt,train
none/7476183.txt,train
none/6571650.txt,train
none/5495116.txt,train
none/4371663.txt,train
none/9371177.txt,train
none/3772084.txt,train
none/3939400.txt,train
none/5562874.txt,train
none/6605811.txt,train
none/6257015.txt,train
none/6388458.txt,train
minor/3711605.txt,train
none/3969522.txt,train
none/5640540.txt,train
none/5273938.txt,train
none/4536889.txt,train
major/6413795.txt,train
major/5857991.txt,train
none/8963673.txt,train
minor/5247450.txt,train
none/4951775.txt,train
none/5190876.txt,train
none/6397068.txt,train
major/5182713.txt,train
none/6847448.txt,train
none/4115525.txt,train
none/4032784.txt,train
none/5399317.txt,train
none/7201055.txt,train
none/7452135.txt,train
none/9431580.txt,train
none/7168351.txt,train
none/6311026.txt,train
none/8702985.txt,train
none/4541684.txt,train
none/7763261.txt,train
none/7300150.txt,train
none/8091719.txt,train
none/9331054.txt,train
none/4003009.txt,train
none/7047929.txt,train
none/5742756.txt,train
none/5111193.txt,train
none/3874200.txt,train
none/4479629.txt,train
none/7922186.txt,train
major/9429785.txt,train
major/7399428.txt,train
none/4028511.txt,train
none/5808750.txt,train
none/8172392.txt,train
major/4737430.txt,train
none/7725777.txt,train
none/4177719.txt,train
none/5689800.txt,train
none/5474154.txt,train
none/5581462.txt,train
critical/8962194.txt,train
none/8233737.txt,train
none/4662159.txt,train
none/8799964.txt,train
none/4218788.txt,train
major/4558000.txt,train
none/9542671.txt,train
minor/8023829.txt,train
none/7790376.txt,train
none/4764437.txt,train
minor/3725605.txt,train
minor/5580284.txt,train
none/4453800.txt,train
none/8502684.txt,train
none/5892646.txt,train
none/5670026.txt,train
none/4486097.txt,train
none/9524185.txt,train
none/6254667.txt,train
none/7933439.txt,train
none/6518021.txt,train
none/9096815.txt,train
minor/6371049.txt,train
none/6654966.txt,train
none/5028034.txt,train
none/6117580.txt,train
none/4516760.txt,train
none/6035651.txt,train
none/7899540.txt,train
none/4206321.txt,train
none/5171785.txt,train
major/6999436.txt,train
none/3710201.txt,train
major/7356708.txt,train
none/4249169.txt,train
none/8682807.txt,train
none/4440978.txt,train
none/9388855.txt,train
none/9276314.txt,train
none/9308078.txt,train
none/4045146.txt,train
none/4691632.txt,train
none/7005369.txt,train
none/7879255.txt,train
none/5839091.txt,train
minor/6638995.txt,train
major/5359797.txt,train
minor/6133656.txt,train
minor/7295107.txt,train
major/4068444.txt,train
none/5231896.txt,train
major/5370715.txt,train
none/7471950.txt,train
none/7172582.txt,train
none/8539645.txt,train
minor/8408651.txt,train
minor/7805103.txt,train
none/4489487.txt,train
none/5985338.txt,train
minor/4346994.txt,train
major/5183069.txt,train
none/6308382.txt,train
none/6573661.txt,train
none/7528188.txt,train
none/4955613.txt,train
none/6288529.txt,train
none/8722299.txt,train
minor/4558704.txt,train
none/7235982.txt,train
none/4936795.txt,train
none/8131217.txt,train
none/4994693.txt,train
none/9003128.txt,train
none/4708154.txt,train
none/8795959.txt,train
minor/7101859.txt,train
none/4580123.txt,train
none/5681626.txt,train
none/7726338.txt,train
none/5663777.txt,train
minor/6493535.txt,train
none/7482780.txt,train
major/8779111.txt,train
none/8968865.txt,train
none/6571793.txt,train
none/8073031.txt,train
none/7372146.txt,train
none/7968650.txt,train
none/7149120.txt,train
none/6263358.txt,train
none/5630626.txt,train
none/4556966.txt,train
none/7716255.txt,train
none/4567462.txt,train
none/4668085.txt,train
minor/6293245.txt,train
none/9312524.txt,train
none/8863381.txt,train
none/4556934.txt,train
none/8406115.txt,train
minor/5863439.txt,train
none/5536525.txt,train
none/4135708.txt,train
none/6025184.txt,train
none/9093197.txt,train
none/9097418.txt,train
minor/4452794.txt,train
none/8232830.txt,train
major/7228058.txt,train
none/4828331.txt,train
none/7828511.txt,train
none/9313540.txt,train
none/7381763.txt,train
none/9176003.txt,train
none/6753599.txt,train
critical/7047868.txt,train
none/7961905.txt,train
none/8169750.txt,train
none/6205101.txt,train
none/6872266.txt,train
major/5740146.txt,train
none/9191083.txt,train
none/7942242.txt,train
none/8985234.txt,train
none/6372633.txt,train
none/7130702.txt,train
none/5097365.txt,train
none/8279744.txt,train
none/5790359.txt,train
none/5688699.txt,train
none/4948454.txt,train
none/9018312.txt,train
none/9188325.txt,train
none/4176983.txt,train
none/3975932.txt,train
minor/7148928.txt,train
none/7718829.txt,train
none/4355601.txt,train
none/4154409.txt,train
none/7236147.txt,train
major/6858059.txt,train
none/4647337.txt,train
none/8411640.txt,train
none/6341451.txt,train
none/8271042.txt,train
minor/4665122.txt,train
minor/7798188.txt,train
none/7247219.txt,train
none/7959812.txt,train
none/3918287.txt,train
none/6334421.txt,train
none/6282334.txt,train
none/9491785.txt,train
none/8300767.txt,train
none/5421253.txt,train
none/6510757.txt,train
none/6140308.txt,train
critical/4512195.txt,train
none/7726353.txt,train
none/7648196.txt,train
none/3908026.txt,train
none/7374778.txt,train
none/9520350.txt,train
none/8286898.txt,train
none/7000071.txt,train
none/5533033.txt,train
none/6861082.txt,train
none/3922790.txt,train
none/3846700.txt,train
none/5162987.txt,train
none/8715463.txt,train
none/8229683.txt,train
none/6935647.txt,train
none/4610445.txt,train
none/5865964.txt,train
major/6141685.txt,train
none/7462222.txt,train
none/4187027.txt,train
none/4834610.txt,train
none/7594410.txt,train
none/7779168.txt,train
none/4817934.txt,train
none/5406665.txt,train
none/9073602.txt,train
none/7650722.txt,train
none/4827886.txt,train
none/7239385.txt,train
none/5142688.txt,train
none/6117399.txt,train
none/8574368.txt,train
none/8746908.txt,train
none/7482608.txt,train
none/4481500.txt,train
none/4977435.txt,train
none/5193317.txt,train
none/8397966.txt,train
none/5368964.txt,train
none/6546542.txt,train
none/5971146.txt,train
none/5554251.txt,train
none/6857065.txt,train
none/5739211.txt,train
none/7074847.txt,train
none/4816540.txt,train
none/4516585.txt,train
none/6923657.txt,train
none/6538820.txt,train
none/4043845.txt,train
none/5450953.txt,train
none/7455167.txt,train
none/7437145.txt,train
none/6710734.txt,train
none/7139136.txt,train
none/3819835.txt,train
none/7961199.txt,train
none/9241391.txt,train
none/9025710.txt,train
none/4599156.txt,train
major/4496340.txt,train
none/7681058.txt,train
none/8201878.txt,train
none/9220014.txt,train
none/4238437.txt,train
none/6820808.txt,train
major/6876949.txt,train
minor/9006303.txt,train
none/5148408.txt,train
none/6560581.txt,train
none/7077189.txt,train
none/4029077.txt,train
none/7144407.txt,train
none/9111577.txt,train
none/7190715.txt,train
none/5670638.txt,train
none/4459231.txt,train
none/6982865.txt,train
none/6546019.txt,train
none/6629910.txt,train
none/4045943.txt,train
none/6391015.txt,train
none/6151978.txt,train
none/8934270.txt,train
none/5002069.txt,train
none/7666721.txt,train
none/8224809.txt,train
none/5718244.txt,train
none/7661107.txt,train
none/7035620.txt,train
minor/5180625.txt,train
none/4435545.txt,train
none/6860284.txt,train
major/5828468.txt,train
none/9161787.txt,train
none/7548967.txt,train
major/9309376.txt,train
minor/6611503.txt,train
none/5603925.txt,train
none/4846258.txt,train
none/9248213.txt,train
none/7636168.txt,train
none/8209082.txt,train
none/4218342.txt,train
none/8008116.txt,train
none/4228466.txt,train
none/5937629.txt,train
none/4780381.txt,train
none/5412570.txt,train
none/7386253.txt,train
none/8140286.txt,train
none/7938714.txt,train
none/7268617.txt,train
none/7720470.txt,train
none/7655364.txt,train
none/8749806.txt,train
major/4241628.txt,train
none/8501968.txt,train
none/4686609.txt,train
none/4713471.txt,train
none/5028269.txt,train
none/6181780.txt,train
none/4762838.txt,train
minor/7428769.txt,train
none/7362051.txt,train
none/8432331.txt,train
none/5164165.txt,train
none/4191189.txt,train
none/8311552.txt,train
none/6267409.txt,train
none/7210083.txt,train
none/4425585.txt,train
none/6516443.txt,train
none/8778114.txt,train
none/7988090.txt,train
none/7269177.txt,train
none/7658621.txt,train
minor/7258651.txt,train
none/5704168.txt,train
none/7074545.txt,train
none/6010190.txt,train
none/6870293.txt,train
none/7067326.txt,train
none/8213293.txt,train
none/7412708.txt,train
none/4271174.txt,train
none/4451710.txt,train
none/8633022.txt,train
minor/8139442.txt,train
none/5392183.txt,train
none/7680525.txt,train
none/8333510.txt,train
none/5585616.txt,train
none/5256995.txt,train
none/3862792.txt,train
none/9004411.txt,train
none/6432897.txt,train
none/7198779.txt,train
none/8000801.txt,train
none/3762543.txt,train
none/3797964.txt,train
none/7017732.txt,train
none/5793029.txt,train
minor/8694129.txt,train
none/6310927.txt,train
none/4923223.txt,train
none/6541523.txt,train
none/6013107.txt,train
none/6135529.txt,train
none/6788988.txt,train
none/6218887.txt,train
none/5630298.txt,train
none/7351641.txt,train
major/4410714.txt,train
none/7303656.txt,train
none/4956199.txt,train
none/7324520.txt,train
none/7372800.txt,train
minor/5983608.txt,train
none/5000200.txt,train
none/9398714.txt,train
none/5801572.txt,train
none/9507808.txt,train
none/6785826.txt,train
none/8564748.txt,train
major/7413961.txt,train
none/5205041.txt,train
none/4916648.txt,train
none/8164457.txt,train
minor/7631100.txt,train
none/9484836.txt,train
none/3954827.txt,train
none/7898105.txt,train
major/6917283.txt,train
none/3919445.txt,train
none/6572017.txt,train
none/5374719.txt,train
none/4612586.txt,train
none/7801178.txt,train
none/7694897.txt,train
none/4234040.txt,train
none/7373999.txt,train
none/4034186.txt,train
minor/5954493.txt,train
none/8604234.txt,train
none/9537015.txt,train
none/4509296.txt,train
none/7686388.txt,train
none/4800822.txt,train
none/8267819.txt,train
none/5098876.txt,train
none/7450485.txt,train
none/7834065.txt,train
none/7165732.txt,train
none/6259739.txt,train
none/8260331.txt,train
none/4456562.txt,train
none/6009975.txt,train
none/5427627.txt,train
none/8169113.txt,train
none/7391521.txt,train
none/3978398.txt,train
minor/3908492.txt,train
none/7071931.txt,train
none/6266636.txt,train
none/4141778.txt,train
none/9144201.txt,train
none/6221363.txt,train
none/5467722.txt,train
major/8428144.txt,train
none/7036119.txt,train
none/4010920.txt,train
none/8780201.txt,train
none/5501417.txt,train
none/6897923.txt,train
none/4960684.txt,train
none/4486761.txt,train
none/5333655.txt,train
critical/6374724.txt,train
none/5815298.txt,train
none/8517396.txt,train
none/7689561.txt,train
none/9380244.txt,train
none/4471173.txt,train
none/4640509.txt,train
none/6204915.txt,train
none/5363451.txt,train
none/5371806.txt,train
none/4666539.txt,train
none/5516476.txt,train
none/5983355.txt,train
none/8142421.txt,train
none/7182108.txt,train
none/6880454.txt,train
none/7523283.txt,train
none/5339993.txt,train
none/5667095.txt,train
none/4611617.txt,train
minor/6093270.txt,train
none/4814956.txt,train
none/7772686.txt,train
none/7155743.txt,train
none/6492058.txt,train
none/4192613.txt,train
none/9508358.txt,train
none/6412439.txt,train
none/6183095.txt,train
none/5605835.txt,train
none/6060996.txt,train
none/5248838.txt,train
none/4159543.txt,train
none/8001101.txt,train
none/5844151.txt,train
none/4882061.txt,train
none/8190064.txt,train
none/5507211.txt,train
none/8792283.txt,train
none/8541418.txt,train
major/5882175.txt,train
none/8741587.txt,train
none/7452621.txt,train
none/7260017.txt,train
none/5498814.txt,train
none/5905362.txt,train
none/4979404.txt,train
none/7563790.txt,train
none/6468434.txt,train
none/7322270.txt,train
minor/9322941.txt,train
none/5271942.txt,train
none/8907445.txt,train
none/3937197.txt,train
none/3985009.txt,train
none/9476422.txt,train
none/6293765.txt,train
minor/4714964.txt,train
none/5769222.txt,train
none/6685037.txt,train
none/5752094.txt,train
none/6086287.txt,train
none/7934496.txt,train
none/5893758.txt,train
none/7460730.txt,train
none/5403342.txt,train
none/8044367.txt,train
none/6153811.txt,train
minor/8119000.txt,train
none/3888459.txt,train
minor/9071100.txt,train
none/7368005.txt,train
none/6441911.txt,train
none/8804785.txt,train
none/7764177.txt,train
none/6387249.txt,train
none/8282686.txt,train
none/5837941.txt,train
none/8624129.txt,train
none/4123555.txt,train
none/5994992.txt,train
none/6689007.txt,train
none/7936623.txt,train
none/7640021.txt,train
none/6080166.txt,train
none/8717357.txt,train
none/4780738.txt,train
none/3764491.txt,train
none/7626113.txt,train
none/4493302.txt,train
none/5464286.txt,train
none/8537138.txt,train
none/7006068.txt,train
none/7625447.txt,train
none/7455354.txt,train
none/7930012.txt,train
minor/4035683.txt,train
none/6641988.txt,train
none/3850165.txt,train
none/9482329.txt,train
none/7511055.txt,train
none/9186714.txt,train
none/3879965.txt,train
none/8217435.txt,train
minor/7274207.txt,train
none/5172876.txt,train
none/3993530.txt,train
none/5660710.txt,train
none/4431383.txt,train
none/8067041.txt,train
none/5750397.txt,train
none/6383930.txt,train
none/8290693.txt,train
none/8533873.txt,train
none/6512007.txt,train
none/7370553.txt,train
none/7075575.txt,train
major/6571855.txt,train
none/8970601.txt,train
none/8183289.txt,train
none/5819659.txt,train
none/6407807.txt,train
none/7214444.txt,train
none/5308925.txt,train
none/8784533.txt,train
critical/6204790.txt,train
none/7199388.txt,train
none/6330576.txt,train
none/7553936.txt,train
none/5338390.txt,train
none/8168864.txt,train
none/6393486.txt,train
none/4928696.txt,train
none/5097474.txt,train
none/8629693.txt,train
none/4106292.txt,train
none/7795012.txt,train
none/6159926.txt,train
none/5018622.txt,train
none/5682673.txt,train
none/7358376.txt,train
none/7568688.txt,train
none/9432587.txt,train
none/5388415.txt,train
minor/9278685.txt,train
none/8299074.txt,train
none/7643210.txt,train
none/5042781.txt,train
none/8214224.txt,train
none/5107511.txt,train
major/5255988.txt,train
none/6434677.txt,train
none/7332291.txt,train
none/6480563.txt,train
none/4842851.txt,train
none/7633041.txt,train
none/7654989.txt,train
none/8146289.txt,train
none/8417826.txt,train
none/4768247.txt,train
none/5799314.txt,train
none/9397250.txt,train
none/7461973.txt,train
none/8416563.txt,train
none/5279258.txt,train
major/6026896.txt,train
none/4466087.txt,train
major/5394068.txt,train
none/7160140.txt,train
none/8043430.txt,train
none/7227811.txt,train
none/7251791.txt,train
none/5447313.txt,train
none/4359600.txt,train
none/8601732.txt,train
none/6032883.txt,train
none/8986119.txt,train
none/8956394.txt,train
none/8065474.txt,train
none/8314569.txt,train
none/3756805.txt,train
none/9340516.txt,train
none/7325587.txt,train
minor/8395860.txt,train
none/4432039.txt,train
none/9411658.txt,train
none/6171226.txt,train
none/6320805.txt,train
none/7987645.txt,train
none/5246871.txt,train
minor/9199423.txt,train
none/9189420.txt,train
none/4652198.txt,train
none/6143847.txt,train
none/7330770.txt,train
none/6019048.txt,train
none/7961760.txt,train
none/7302347.txt,train
none/7997794.txt,train
none/8954112.txt,train
none/5802620.txt,train
none/8219927.txt,train
none/6732692.txt,train
none/5816832.txt,train
none/5241906.txt,train
major/8538037.txt,train
minor/9535301.txt,train
none/4301023.txt,train
none/7785135.txt,train
none/8017375.txt,train
none/6568804.txt,train
none/5589404.txt,train
none/4039655.txt,train
minor/3827535.txt,train
none/8003697.txt,train
none/6260668.txt,train
none/7463516.txt,train
none/4472442.txt,train
none/5799022.txt,train
minor/4499277.txt,train
none/4198515.txt,train
none/7812575.txt,train
none/4747471.txt,train
none/5299892.txt,train
none/8292673.txt,train
none/4277815.txt,train
none/9033273.txt,train
none/7486357.txt,train
none/3953485.txt,train
none/5461682.txt,train
none/4525067.txt,train
none/5645958.txt,train
minor/7446885.txt,train
none/6800764.txt,train
none/4139979.txt,train
critical/9071167.txt,train
none/6443200.txt,train
none/8215542.txt,train
none/4671256.txt,train
none/7468395.txt,train
none/7738164.txt,train
none/4545257.txt,train
none/8876926.txt,train
none/6317098.txt,train
none/6974414.txt,train
none/4308354.txt,train
none/3763847.txt,train
none/6890147.txt,train
none/3862557.txt,train
none/3727271.txt,train
none/9395153.txt,train
none/9063283.txt,train
none/6221911.txt,train
minor/6266289.txt,train
major/7356691.txt,train
none/6337145.txt,train
none/4546373.txt,train
none/9383985.txt,train
none/5269525.txt,train
none/6800794.txt,train
minor/6511935.txt,train
major/9409389.txt,train
none/9116510.txt,train
none/7777749.txt,train
none/5514575.txt,train
none/6866681.txt,train
none/4468635.txt,train
none/6569900.txt,train
none/9201577.txt,train
none/7454098.txt,train
none/4714464.txt,train
none/4865733.txt,train
none/8974133.txt,train
none/7455825.txt,train
none/7925698.txt,train
none/4616465.txt,train
none/8082495.txt,train
none/6277787.txt,train
none/5687952.txt,train
none/6405981.txt,train
none/6235781.txt,train
none/6176170.txt,train
none/4808674.txt,train
none/7066831.txt,train
none/5659423.txt,train
minor/7959083.txt,train
none/4608696.txt,train
none/5794903.txt,train
none/4937510.txt,train
none/8736543.txt,train
none/5519299.txt,train
none/8707779.txt,train
none/7290109.txt,train
none/9012542.txt,train
none/4975591.txt,train
none/4239788.txt,train
none/4530177.txt,train
none/7643849.txt,train
minor/7944953.txt,train
minor/6195686.txt,train
none/4969128.txt,train
none/7792893.txt,train
none/7756213.txt,train
none/6135806.txt,train
none/4848736.txt,train
none/4272190.txt,train
minor/3796929.txt,train
none/5461108.txt,train
none/7200142.txt,train
none/7583462.txt,train
none/9342531.txt,train
none/3949836.txt,train
none/4865706.txt,train
none/7446120.txt,train
none/4478155.txt,train
none/6288812.txt,train
none/8256644.txt,train
none/7576345.txt,train
none/7755926.txt,train
none/7558740.txt,train
none/8049187.txt,train
none/8262479.txt,train
none/5875400.txt,train
none/4556325.txt,train
none/6983516.txt,train
none/6982100.txt,train
none/7369379.txt,train
none/6073506.txt,train
none/6114104.txt,train
none/4503220.txt,train
none/5857044.txt,train
none/4651467.txt,train
none/5337101.txt,train
none/7673002.txt,train
none/6493330.txt,train
none/5657210.txt,train
minor/6554999.txt,train
none/8533230.txt,train
none/5515917.txt,train
none/8335195.txt,train
none/7867125.txt,train
none/7952037.txt,train
none/5732513.txt,train
minor/6531904.txt,train
none/4168008.txt,train
none/4246666.txt,train
none/8455319.txt,train
minor/8507718.txt,train
none/4129438.txt,train
none/8231971.txt,train
none/8491397.txt,train
minor/8760562.txt,train
minor/4542224.txt,train
none/6191838.txt,train
none/7148054.txt,train
none/5805223.txt,train
none/6717886.txt,train
none/7590824.txt,train
none/4594723.txt,train
none/6548259.txt,train
none/3972251.txt,train
none/4669068.txt,train
none/7887244.txt,train
none/7113247.txt,train
none/7665235.txt,train
critical/4296219.txt,train
none/7549648.txt,train
none/6153322.txt,train
none/6680763.txt,train
none/6425142.txt,train
none/9136671.txt,train
none/5575320.txt,train
none/4221930.txt,train
none/6445346.txt,train
none/8690136.txt,train
none/8603648.txt,train
none/6138864.txt,train
none/7025249.txt,train
none/5562678.txt,train
none/7017211.txt,train
none/7452272.txt,train
none/7886991.txt,train
none/3814315.txt,train
none/4126029.txt,train
none/8629477.txt,train
none/7557707.txt,train
none/6621005.txt,train
none/6178268.txt,train
none/4687786.txt,train
none/9045643.txt,train
none/3699849.txt,train
none/6279420.txt,train
none/3858066.txt,train
none/5692616.txt,train
none/6276415.txt,train
none/7482808.txt,train
none/7586207.txt,train
none/8660235.txt,train
none/5549285.txt,train
none/3791832.txt,train
none/4443762.txt,train
none/8533750.txt,train
none/7711363.txt,train
none/7076084.txt,train
none/8753783.txt,train
none/4329605.txt,train
none/5190920.txt,train
none/7134420.txt,train
none/8026269.txt,train
minor/6464966.txt,train
none/8497585.txt,train
none/7457996.txt,train
none/4189945.txt,train
none/7188797.txt,train
none/8632348.txt,train
none/8167612.txt,train
minor/5033471.txt,train
none/4757534.txt,train
none/6066503.txt,train
none/3789205.txt,train
none/8341412.txt,train
none/5527964.txt,train
none/5200864.txt,train
none/4042780.txt,train
none/3940608.txt,train
none/5499685.txt,train
none/3901039.txt,train
none/7135236.txt,train
none/7799218.txt,train
none/8653867.txt,train
none/6174632.txt,train
none/8968857.txt,train
minor/3943609.txt,train
none/3974401.txt,train
none/9125948.txt,train
none/7394017.txt,train
none/6375252.txt,train
none/6164729.txt,train
none/7348825.txt,train
none/8575709.txt,train
none/3938271.txt,train
none/4515721.txt,train
none/5699641.txt,train
none/8083609.txt,train
none/7954026.txt,train
major/8132817.txt,train
none/8099651.txt,train
none/5947006.txt,train
none/8186875.txt,train
none/5062548.txt,train
none/8049293.txt,train
none/5948019.txt,train
none/7337830.txt,train
none/8263546.txt,train
none/5710974.txt,train
none/6115582.txt,train
none/7161553.txt,train
none/7395810.txt,train
none/5019534.txt,train
none/7336602.txt,train
none/5764315.txt,train
minor/5668344.txt,train
minor/7240692.txt,train
none/8165591.txt,train
none/7276572.txt,train
none/7918920.txt,train
none/4413114.txt,train
none/5041383.txt,train
none/5319099.txt,train
none/3970015.txt,train
major/9114822.txt,train
none/4627580.txt,train
none/8412377.txt,train
none/7539523.txt,train
none/8272324.txt,train
none/4734680.txt,train
none/6546066.txt,train
minor/7293098.txt,train
none/8089702.txt,train
none/6484821.txt,train
none/4088995.txt,train
none/8187132.txt,train
none/6814400.txt,train
none/4273448.txt,train
none/9553496.txt,train
none/5545552.txt,train
none/8609582.txt,train
none/7570873.txt,train
minor/6192975.txt,train
none/9095202.txt,train
none/7501187.txt,train
none/5627187.txt,train
none/9017155.txt,train
none/7429354.txt,train
none/8887186.txt,train
major/6239751.txt,train
none/5421299.txt,train
none/7140272.txt,train
none/7186027.txt,train
none/4611132.txt,train
none/8568928.txt,train
none/8661442.txt,train
none/6813948.txt,train
minor/8978193.txt,train
none/4750918.txt,train
none/7349490.txt,train
none/8645617.txt,train
none/5912760.txt,train
none/5515226.txt,train
none/7201007.txt,train
none/6413248.txt,train
none/4289354.txt,train
none/4348567.txt,train
none/6281870.txt,train
none/4096226.txt,train
none/9189634.txt,test
none/4087381.txt,test
none/5072938.txt,test
none/7798138.txt,test
none/8698235.txt,test
none/8031559.txt,test
none/4752038.txt,test
none/7686662.txt,test
none/5317907.txt,test
none/6541577.txt,test
minor/6375517.txt,test
none/6879905.txt,test
minor/4815345.txt,test
none/4978959.txt,test
none/8387845.txt,test
none/5220265.txt,test
none/4074246.txt,test
none/4431712.txt,test
none/4059863.txt,test
none/8410032.txt,test
none/5991563.txt,test
major/7047050.txt,test
none/3904181.txt,test
none/4849963.txt,test
none/8672725.txt,test
none/7600342.txt,test
none/9483193.txt,test
none/7022531.txt,test
minor/5786274.txt,test
none/7129689.txt,test
none/8570234.txt,test
none/7339811.txt,test
none/4839287.txt,test
none/3715636.txt,test
none/3946225.txt,test
none/6635481.txt,test
none/4995621.txt,test
none/4243459.txt,test
none/7341794.txt,test
minor/6578541.txt,test
none/7136749.txt,test
none/5735246.txt,test
none/8952196.txt,test
minor/7681481.txt,test
none/6147463.txt,test
none/3827991.txt,test
none/5798457.txt,test
none/6016987.txt,test
none/5026271.txt,test
none/8435719.txt,test
none/5427653.txt,test
none/7594784.txt,test
minor/5115838.txt,test
none/7664957.txt,test
none/7465296.txt,test
none/8011549.txt,test
none/6860363.txt,test
minor/8515776.txt,test
none/9453144.txt,test
none/6340836.txt,test
minor/4745312.txt,test
none/6514803.txt,test
none/6985869.txt,test
none/4747524.txt,test
none/5888140.txt,test
minor/5539522.txt,test
none/3985971.txt,test
none/7027539.txt,test
none/8187474.txt,test
none/9082528.txt,test
none/4471459.txt,test
none/7244146.txt,test
none/6166594.txt,test
none/6128593.txt,test
none/6706164.txt,test
none/7010604.txt,test
none/4314618.txt,test
none/6550344.txt,test
none/9046528.txt,test
none/6280313.txt,test
none/6772326.txt,test
none/3974797.txt,test
major/5146683.txt,test
none/8877416.txt,test
none/9272415.txt,test
none/4058195.txt,test
none/7003619.txt,test
none/5025102.txt,test
none/8727852.txt,test
none/4530537.txt,test
none/4373673.txt,test
none/6600361.txt,test
none/4122553.txt,test
none/5968191.txt,test
none/5598817.txt,test
none/3813750.txt,test
major/8285514.txt,test
none/8510347.txt,test
none/5818517.txt,test
none/7185320.txt,test
none/9102455.txt,test
none/7928759.txt,test
none/7286228.txt,test
none/5217747.txt,test
none/8649493.txt,test
none/9451809.txt,test
none/5161069.txt,test
none/7351843.txt,test
none/4197096.txt,test
none/4194832.txt,test
none/9024840.txt,test
none/9357604.txt,test
major/4124615.txt,test
minor/7274451.txt,test
none/8917471.txt,test
none/4251331.txt,test
none/7125953.txt,test
none/8522716.txt,test
none/4317110.txt,test
none/6725112.txt,test
none/7168076.txt,test
none/5961466.txt,test
none/4040842.txt,test
major/6279768.txt,test
none/5593588.txt,test
minor/7722604.txt,test
none/6470701.txt,test
none/8738655.txt,test
none/6493712.txt,test
none/8913163.txt,test
none/4433896.txt,test
none/5392679.txt,test
none/8719536.txt,test
none/7717968.txt,test
none/9117540.txt,test
none/7940168.txt,test
none/8672429.txt,test
none/4783602.txt,test
none/4218981.txt,test
none/5068417.txt,test
none/4248275.txt,test
none/6328547.txt,test
none/3943759.txt,test
none/5214839.txt,test
none/4064087.txt,test
none/6268790.txt,test
major/8278616.txt,test
none/3897581.txt,test
none/6277045.txt,test
none/9367707.txt,test
none/9260596.txt,test
none/8316315.txt,test
none/3898760.txt,test
none/4240751.txt,test
none/4051558.txt,test
none/7204450.txt,test
none/4055860.txt,test
none/6214208.txt,test
none/6172019.txt,test
none/4304469.txt,test
none/6246389.txt,test
none/7160761.txt,test
none/7911455.txt,test
none/8760558.txt,test
none/6051731.txt,test
major/6637734.txt,test
minor/4230466.txt,test
none/8299961.txt,test
none/6564431.txt,test
none/8751166.txt,test
none/4456338.txt,test
major/6483071.txt,test
none/4556348.txt,test
none/6450144.txt,test
none/3985224.txt,test
none/6394642.txt,test
none/4367124.txt,test
none/3952888.txt,test
none/7482898.txt,test
none/6026125.txt,test
none/7377288.txt,test
none/7923741.txt,test
none/4168378.txt,test
none/4175432.txt,test
none/3917715.txt,test
none/8232375.txt,test
none/4694033.txt,test
none/8601637.txt,test
none/7072307.txt,test
none/3785267.txt,test
none/7161125.txt,test
major/4401367.txt,test
none/7623277.txt,test
none/9158644.txt,test
none/7113239.txt,test
none/7438576.txt,test
none/7640513.txt,test
major/3786480.txt,test
none/7129383.txt,test
none/7093849.txt,test
none/4465870.txt,test
none/6437408.txt,test
none/4232055.txt,test
none/9096801.txt,test
minor/6847478.txt,test
none/5141876.txt,test
none/8958780.txt,test
none/3717506.txt,test
none/4096115.txt,test
none/8149386.txt,test
none/9355318.txt,test
none/5175864.txt,test
none/4193150.txt,test
none/6834927.txt,test
none/4707700.txt,test
none/5475426.txt,test
none/7501330.txt,test
none/5088158.txt,test
none/4044534.txt,test
none/4159107.txt,test
none/9120944.txt,test
none/5685504.txt,test
none/9420761.txt,test
none/7381518.txt,test
none/8427386.txt,test
none/3812473.txt,test
none/4703457.txt,test
minor/6454251.txt,test
none/8533645.txt,test
none/4829954.txt,test
none/4616422.txt,test
minor/3790799.txt,test
major/5925637.txt,test
none/6210636.txt,test
none/6075386.txt,test
none/9483823.txt,test
none/8273753.txt,test
none/6424656.txt,test
none/8494605.txt,test
none/8962839.txt,test
none/8031279.txt,test
none/5459981.txt,test
minor/6306158.txt,test
none/4797136.txt,test
none/4556665.txt,test
none/7942055.txt,test
none/5712111.txt,test
none/4624680.txt,test
none/4662037.txt,test
none/7553034.txt,test
none/8560901.txt,test
none/3856241.txt,test
none/7363484.txt,test
minor/7496363.txt,test
major/9251392.txt,test
none/5598779.txt,test
none/7005446.txt,test
minor/5715127.txt,test
none/7899639.txt,test
none/8346167.txt,test
none/6285002.txt,test
none/9388648.txt,test
none/7418065.txt,test
none/4151146.txt,test
minor/6216254.txt,test
none/4844449.txt,test
none/7480589.txt,test
none/7075624.txt,test
none/6850586.txt,test
none/5905498.txt,test
none/4110958.txt,test
none/8192759.txt,test
none/4400511.txt,test
none/5218642.txt,test
none/6179479.txt,test
none/4027396.txt,test
none/9117535.txt,test
none/4625995.txt,test
none/8049118.txt,test
none/3705164.txt,test
none/4473448.txt,test
none/5983157.txt,test
none/7938128.txt,test
none/5112767.txt,test
none/6385711.txt,test
none/3972555.txt,test
none/7272444.txt,test
none/5037205.txt,test
none/4928800.txt,test
none/7619076.txt,test
none/9510155.txt,test
minor/8736644.txt,test
none/7786735.txt,test
minor/7143647.txt,test
none/8284183.txt,test
none/6807935.txt,test
none/7373964.txt,test
none/6192331.txt,test
none/9421857.txt,test
none/5356733.txt,test
none/7651598.txt,test
none/7414155.txt,test
none/7451347.txt,test
none/4075287.txt,test
none/4472450.txt,test
none/5515133.txt,test
none/5666367.txt,test
none/8423597.txt,test
none/4697495.txt,test
none/4933806.txt,test
none/6696450.txt,test
none/7539038.txt,test
minor/7824709.txt,test
none/6494643.txt,test
none/8347642.txt,test
none/4428269.txt,test
none/7986025.txt,test
none/9177949.txt,test
none/3787706.txt,test
none/8952223.txt,test
none/3936103.txt,test
none/8024350.txt,test
minor/8792214.txt,test
none/8418051.txt,test
none/6322415.txt,test
none/4105521.txt,test
none/5655437.txt,test
none/5971617.txt,test
none/8387546.txt,test
none/6255385.txt,test
none/5182772.txt,test
none/5434262.txt,test
none/5997662.txt,test
none/4577168.txt,test
minor/7324624.txt,test
minor/5278361.txt,test
none/7153322.txt,test
none/4210395.txt,test
none/4093032.txt,test
none/8283403.txt,test
none/6513676.txt,test
none/7375884.txt,test
none/6025409.txt,test
none/7529982.txt,test
none/5828122.txt,test
minor/8911786.txt,test
none/5972837.txt,test
minor/5222671.txt,test
none/7377296.txt,test
none/7851015.txt,test
none/8827191.txt,test
none/3856873.txt,test
major/6329919.txt,test
none/7911805.txt,test
none/6009432.txt,test
none/4586915.txt,test
none/9221780.txt,test
none/7525557.txt,test
none/4357819.txt,test
none/9539121.txt,test
major/5735198.txt,test
none/7652241.txt,test
none/7393053.txt,test
minor/5049924.txt,test
none/6703649.txt,test
none/4792710.txt,test
major/7747098.txt,test
none/6245494.txt,test
minor/7754810.txt,test
none/7391055.txt,test
none/5058759.txt,test
none/8783458.txt,test
none/7216175.txt,test
none/7684728.txt,test
none/7588520.txt,test
none/6542357.txt,test
none/7538561.txt,test
none/6398820.txt,test
none/9014115.txt,test
none/8043712.txt,test
none/3761009.txt,test
none/7633445.txt,test
none/4801902.txt,test
none/5676371.txt,test
none/7447081.txt,test
minor/7007225.txt,test
none/6084033.txt,test
none/5690831.txt,test
none/6414719.txt,test
none/7561940.txt,test
none/9203767.txt,test
none/7376354.txt,test
none/8661940.txt,test
minor/4325541.txt,test
none/5203194.txt,test
none/7446209.txt,test
none/6983575.txt,test
minor/5380933.txt,test
none/5728323.txt,test
none/9322007.txt,test
none/4415977.txt,test
none/3920625.txt,test
none/8621159.txt,test
none/6211782.txt,test
none/6643667.txt,test
none/8912937.txt,test
none/7148614.txt,test
none/4864530.txt,test
critical/4131952.txt,test
none/7245998.txt,test
none/3942114.txt,test
none/8224488.txt,test
none/6520782.txt,test
none/4008191.txt,test
none/6937721.txt,test
none/4341864.txt,test
none/3888598.txt,test
none/7757616.txt,test
none/4716488.txt,test
none/5586136.txt,test
none/5414612.txt,test
none/9249010.txt,test
none/5767556.txt,test
none/3981336.txt,test
none/6501266.txt,test
none/7613495.txt,test
none/6634791.txt,test
none/6280639.txt,test
none/3929567.txt,test
none/8600681.txt,test
minor/9394020.txt,test
none/9049945.txt,test
none/5153171.txt,test
minor/7863608.txt,test
none/4368175.txt,test
none/9298816.txt,test
none/3962016.txt,test
none/4668044.txt,test
none/7996783.txt,test
none/3763661.txt,test
none/5257764.txt,test
critical/8528735.txt,test
none/6984118.txt,test
none/5252079.txt,test
none/6806316.txt,test
none/4827311.txt,test
none/4913801.txt,test
none/3857472.txt,test
none/5752718.txt,test
minor/7544867.txt,test
none/4369677.txt,test
